Véhicule;Distance parcouru par les véhicules;Temps de calcul
1;120;2.74
2;104;2.74
3;110;2.74
4;117;2.74
5;114;2.74
6;117;2.74
7;116;2.74
8;118;2.74
9;120;2.74
10;118;2.74
11;120;2.74
12;120;2.74
13;112;2.74
14;112;2.74
15;119;2.74
16;0;2.74
17;112;2.74
Véhicule;Distance parcouru par les véhicules;Temps de calcul
1;120;2.75
2;104;2.75
3;110;2.75
4;117;2.75
5;114;2.75
6;117;2.75
7;116;2.75
8;118;2.75
9;120;2.75
10;118;2.75
11;120;2.75
12;120;2.75
13;112;2.75
14;112;2.75
15;119;2.75
16;0;2.75
17;112;2.75
18;0;2.75
Véhicule;Distance parcouru par les véhicules;Temps de calcul
1;120;3.05
2;104;3.05
3;110;3.05
4;117;3.05
5;114;3.05
6;117;3.05
7;116;3.05
8;118;3.05
9;120;3.05
10;118;3.05
11;120;3.05
12;120;3.05
13;112;3.05
14;112;3.05
15;119;3.05
16;0;3.05
17;112;3.05
18;0;3.05
19;0;3.05
Véhicule;Distance parcouru par les véhicules;Temps de calcul
1;120;3.19
2;104;3.19
3;110;3.19
4;117;3.19
5;114;3.19
6;117;3.19
7;116;3.19
8;118;3.19
9;120;3.19
10;118;3.19
11;120;3.19
12;120;3.19
13;112;3.19
14;112;3.19
15;119;3.19
16;0;3.19
17;112;3.19
18;0;3.19
19;0;3.19
20;0;3.19
Véhicule;Distance parcouru par les véhicules;Temps de calcul
1;120;2.79
2;104;2.79
3;110;2.79
4;117;2.79
5;114;2.79
6;117;2.79
7;116;2.79
8;118;2.79
9;120;2.79
10;118;2.79
11;120;2.79
12;120;2.79
13;112;2.79
14;112;2.79
15;119;2.79
16;0;2.79
17;112;2.79
18;0;2.79
19;0;2.79
20;0;2.79
21;0;2.79
Véhicule;Distance parcouru par les véhicules;Temps de calcul
1;120;2.83
2;104;2.83
3;110;2.83
4;117;2.83
5;114;2.83
6;117;2.83
7;116;2.83
8;118;2.83
9;120;2.83
10;118;2.83
11;120;2.83
12;120;2.83
13;112;2.83
14;112;2.83
15;119;2.83
16;0;2.83
17;112;2.83
18;0;2.83
19;0;2.83
20;0;2.83
21;0;2.83
22;0;2.83
Véhicule;Distance parcouru par les véhicules;Temps de calcul
1;120;2.75
2;104;2.75
3;110;2.75
4;117;2.75
5;114;2.75
6;117;2.75
7;116;2.75
8;118;2.75
9;120;2.75
10;118;2.75
11;120;2.75
12;120;2.75
13;112;2.75
14;112;2.75
15;119;2.75
16;0;2.75
17;112;2.75
18;0;2.75
19;0;2.75
20;0;2.75
21;0;2.75
22;0;2.75
23;0;2.75
Véhicule;Distance parcouru par les véhicules;Temps de calcul
1;120;2.81
2;104;2.81
3;110;2.81
4;117;2.81
5;114;2.81
6;117;2.81
7;116;2.81
8;118;2.81
9;120;2.81
10;118;2.81
11;120;2.81
12;120;2.81
13;112;2.81
14;112;2.81
15;119;2.81
16;0;2.81
17;112;2.81
18;0;2.81
19;0;2.81
20;0;2.81
21;0;2.81
22;0;2.81
23;0;2.81
24;0;2.81
Véhicule;Distance parcouru par les véhicules;Temps de calcul
1;120;2.74
2;104;2.74
3;110;2.74
4;117;2.74
5;114;2.74
6;117;2.74
7;116;2.74
8;118;2.74
9;120;2.74
10;118;2.74
11;120;2.74
12;120;2.74
13;112;2.74
14;112;2.74
15;119;2.74
16;0;2.74
17;112;2.74
18;0;2.74
19;0;2.74
20;0;2.74
21;0;2.74
22;0;2.74
23;0;2.74
24;0;2.74
25;0;2.74
Véhicule;Distance parcouru par les véhicules;Temps de calcul
1;120;2.74
2;104;2.74
3;110;2.74
4;117;2.74
5;114;2.74
6;117;2.74
7;116;2.74
8;118;2.74
9;120;2.74
10;118;2.74
11;120;2.74
12;120;2.74
13;112;2.74
14;112;2.74
15;119;2.74
16;0;2.74
17;112;2.74
18;0;2.74
19;0;2.74
20;0;2.74
21;0;2.74
22;0;2.74
23;0;2.74
24;0;2.74
25;0;2.74
26;0;2.74
Véhicule;Distance parcouru par les véhicules;Temps de calcul
1;120;2.87
2;104;2.87
3;110;2.87
4;117;2.87
5;114;2.87
6;117;2.87
7;116;2.87
8;118;2.87
9;120;2.87
10;118;2.87
11;120;2.87
12;120;2.87
13;112;2.87
14;112;2.87
15;119;2.87
16;0;2.87
17;112;2.87
18;0;2.87
19;0;2.87
20;0;2.87
21;0;2.87
22;0;2.87
23;0;2.87
24;0;2.87
25;0;2.87
26;0;2.87
27;0;2.87
Véhicule;Distance parcouru par les véhicules;Temps de calcul
1;120;2.7
2;104;2.7
3;110;2.7
4;117;2.7
5;114;2.7
6;117;2.7
7;116;2.7
8;118;2.7
9;120;2.7
10;118;2.7
11;120;2.7
12;120;2.7
13;112;2.7
14;112;2.7
15;119;2.7
16;0;2.7
17;112;2.7
18;0;2.7
19;0;2.7
20;0;2.7
21;0;2.7
22;0;2.7
23;0;2.7
24;0;2.7
25;0;2.7
26;0;2.7
27;0;2.7
28;0;2.7
Véhicule;Distance parcouru par les véhicules;Temps de calcul
1;120;2.85
2;104;2.85
3;110;2.85
4;117;2.85
5;114;2.85
6;117;2.85
7;116;2.85
8;118;2.85
9;120;2.85
10;118;2.85
11;120;2.85
12;120;2.85
13;112;2.85
14;112;2.85
15;119;2.85
16;0;2.85
17;112;2.85
18;0;2.85
19;0;2.85
20;0;2.85
21;0;2.85
22;0;2.85
23;0;2.85
24;0;2.85
25;0;2.85
26;0;2.85
27;0;2.85
28;0;2.85
29;0;2.85
Véhicule;Distance parcouru par les véhicules;Temps de calcul
1;120;2.82
2;104;2.82
3;110;2.82
4;117;2.82
5;114;2.82
6;117;2.82
7;116;2.82
8;118;2.82
9;120;2.82
10;118;2.82
11;120;2.82
12;120;2.82
13;112;2.82
14;112;2.82
15;119;2.82
16;0;2.82
17;112;2.82
18;0;2.82
19;0;2.82
20;0;2.82
21;0;2.82
22;0;2.82
23;0;2.82
24;0;2.82
25;0;2.82
26;0;2.82
27;0;2.82
28;0;2.82
29;0;2.82
30;0;2.82
Véhicule;Distance parcouru par les véhicules;Temps de calcul
1;120;2.74
2;104;2.74
3;110;2.74
4;117;2.74
5;114;2.74
6;117;2.74
7;116;2.74
8;118;2.74
9;120;2.74
10;118;2.74
11;120;2.74
12;120;2.74
13;112;2.74
14;112;2.74
15;119;2.74
16;0;2.74
17;112;2.74
18;0;2.74
19;0;2.74
20;0;2.74
21;0;2.74
22;0;2.74
23;0;2.74
24;0;2.74
25;0;2.74
26;0;2.74
27;0;2.74
28;0;2.74
29;0;2.74
30;0;2.74
31;0;2.74
Véhicule;Distance parcouru par les véhicules;Temps de calcul
1;120;2.74
2;104;2.74
3;110;2.74
4;117;2.74
5;114;2.74
6;117;2.74
7;116;2.74
8;118;2.74
9;120;2.74
10;118;2.74
11;120;2.74
12;120;2.74
13;112;2.74
14;112;2.74
15;119;2.74
16;0;2.74
17;112;2.74
18;0;2.74
19;0;2.74
20;0;2.74
21;0;2.74
22;0;2.74
23;0;2.74
24;0;2.74
25;0;2.74
26;0;2.74
27;0;2.74
28;0;2.74
29;0;2.74
30;0;2.74
31;0;2.74
32;0;2.74
Véhicule;Distance parcouru par les véhicules;Temps de calcul
1;120;2.76
2;104;2.76
3;110;2.76
4;117;2.76
5;114;2.76
6;117;2.76
7;116;2.76
8;118;2.76
9;120;2.76
10;118;2.76
11;120;2.76
12;120;2.76
13;112;2.76
14;112;2.76
15;119;2.76
16;0;2.76
17;112;2.76
18;0;2.76
19;0;2.76
20;0;2.76
21;0;2.76
22;0;2.76
23;0;2.76
24;0;2.76
25;0;2.76
26;0;2.76
27;0;2.76
28;0;2.76
29;0;2.76
30;0;2.76
31;0;2.76
32;0;2.76
33;0;2.76
Véhicule;Distance parcouru par les véhicules;Temps de calcul
1;120;2.74
2;104;2.74
3;110;2.74
4;117;2.74
5;114;2.74
6;117;2.74
7;116;2.74
8;118;2.74
9;120;2.74
10;118;2.74
11;120;2.74
12;120;2.74
13;112;2.74
14;112;2.74
15;119;2.74
16;0;2.74
17;112;2.74
18;0;2.74
19;0;2.74
20;0;2.74
21;0;2.74
22;0;2.74
23;0;2.74
24;0;2.74
25;0;2.74
26;0;2.74
27;0;2.74
28;0;2.74
29;0;2.74
30;0;2.74
31;0;2.74
32;0;2.74
33;0;2.74
34;0;2.74
Véhicule;Distance parcouru par les véhicules;Temps de calcul
1;120;2.79
2;104;2.79
3;110;2.79
4;117;2.79
5;114;2.79
6;117;2.79
7;116;2.79
8;118;2.79
9;120;2.79
10;118;2.79
11;120;2.79
12;120;2.79
13;112;2.79
14;112;2.79
15;119;2.79
16;0;2.79
17;112;2.79
18;0;2.79
19;0;2.79
20;0;2.79
21;0;2.79
22;0;2.79
23;0;2.79
24;0;2.79
25;0;2.79
26;0;2.79
27;0;2.79
28;0;2.79
29;0;2.79
30;0;2.79
31;0;2.79
32;0;2.79
33;0;2.79
34;0;2.79
35;0;2.79
Véhicule;Distance parcouru par les véhicules;Temps de calcul
1;120;2.76
2;104;2.76
3;110;2.76
4;117;2.76
5;114;2.76
6;117;2.76
7;116;2.76
8;118;2.76
9;120;2.76
10;118;2.76
11;120;2.76
12;120;2.76
13;112;2.76
14;112;2.76
15;119;2.76
16;0;2.76
17;112;2.76
18;0;2.76
19;0;2.76
20;0;2.76
21;0;2.76
22;0;2.76
23;0;2.76
24;0;2.76
25;0;2.76
26;0;2.76
27;0;2.76
28;0;2.76
29;0;2.76
30;0;2.76
31;0;2.76
32;0;2.76
33;0;2.76
34;0;2.76
35;0;2.76
36;0;2.76
Véhicule;Distance parcouru par les véhicules;Temps de calcul
1;120;2.85
2;104;2.85
3;110;2.85
4;117;2.85
5;114;2.85
6;117;2.85
7;116;2.85
8;118;2.85
9;120;2.85
10;118;2.85
11;120;2.85
12;120;2.85
13;112;2.85
14;112;2.85
15;119;2.85
16;0;2.85
17;112;2.85
18;0;2.85
19;0;2.85
20;0;2.85
21;0;2.85
22;0;2.85
23;0;2.85
24;0;2.85
25;0;2.85
26;0;2.85
27;0;2.85
28;0;2.85
29;0;2.85
30;0;2.85
31;0;2.85
32;0;2.85
33;0;2.85
34;0;2.85
35;0;2.85
36;0;2.85
37;0;2.85
Véhicule;Distance parcouru par les véhicules;Temps de calcul
1;120;2.84
2;104;2.84
3;110;2.84
4;117;2.84
5;114;2.84
6;117;2.84
7;116;2.84
8;118;2.84
9;120;2.84
10;118;2.84
11;120;2.84
12;120;2.84
13;112;2.84
14;112;2.84
15;119;2.84
16;0;2.84
17;112;2.84
18;0;2.84
19;0;2.84
20;0;2.84
21;0;2.84
22;0;2.84
23;0;2.84
24;0;2.84
25;0;2.84
26;0;2.84
27;0;2.84
28;0;2.84
29;0;2.84
30;0;2.84
31;0;2.84
32;0;2.84
33;0;2.84
34;0;2.84
35;0;2.84
36;0;2.84
37;0;2.84
38;0;2.84
Véhicule;Distance parcouru par les véhicules;Temps de calcul
1;120;2.78
2;104;2.78
3;110;2.78
4;117;2.78
5;114;2.78
6;117;2.78
7;116;2.78
8;118;2.78
9;120;2.78
10;118;2.78
11;120;2.78
12;120;2.78
13;112;2.78
14;112;2.78
15;119;2.78
16;0;2.78
17;112;2.78
18;0;2.78
19;0;2.78
20;0;2.78
21;0;2.78
22;0;2.78
23;0;2.78
24;0;2.78
25;0;2.78
26;0;2.78
27;0;2.78
28;0;2.78
29;0;2.78
30;0;2.78
31;0;2.78
32;0;2.78
33;0;2.78
34;0;2.78
35;0;2.78
36;0;2.78
37;0;2.78
38;0;2.78
39;0;2.78
Véhicule;Distance parcouru par les véhicules;Temps de calcul
1;120;2.82
2;104;2.82
3;110;2.82
4;117;2.82
5;114;2.82
6;117;2.82
7;116;2.82
8;118;2.82
9;120;2.82
10;118;2.82
11;120;2.82
12;120;2.82
13;112;2.82
14;112;2.82
15;119;2.82
16;0;2.82
17;112;2.82
18;0;2.82
19;0;2.82
20;0;2.82
21;0;2.82
22;0;2.82
23;0;2.82
24;0;2.82
25;0;2.82
26;0;2.82
27;0;2.82
28;0;2.82
29;0;2.82
30;0;2.82
31;0;2.82
32;0;2.82
33;0;2.82
34;0;2.82
35;0;2.82
36;0;2.82
37;0;2.82
38;0;2.82
39;0;2.82
40;0;2.82
Véhicule;Distance parcouru par les véhicules;Temps de calcul
1;120;2.81
2;104;2.81
3;110;2.81
4;117;2.81
5;114;2.81
6;117;2.81
7;116;2.81
8;118;2.81
9;120;2.81
10;118;2.81
11;120;2.81
12;120;2.81
13;112;2.81
14;112;2.81
15;119;2.81
16;0;2.81
17;112;2.81
18;0;2.81
19;0;2.81
20;0;2.81
21;0;2.81
22;0;2.81
23;0;2.81
24;0;2.81
25;0;2.81
26;0;2.81
27;0;2.81
28;0;2.81
29;0;2.81
30;0;2.81
31;0;2.81
32;0;2.81
33;0;2.81
34;0;2.81
35;0;2.81
36;0;2.81
37;0;2.81
38;0;2.81
39;0;2.81
40;0;2.81
41;0;2.81
Véhicule;Distance parcouru par les véhicules;Temps de calcul
1;120;2.99
2;104;2.99
3;110;2.99
4;117;2.99
5;114;2.99
6;117;2.99
7;116;2.99
8;118;2.99
9;120;2.99
10;118;2.99
11;120;2.99
12;120;2.99
13;112;2.99
14;112;2.99
15;119;2.99
16;0;2.99
17;112;2.99
18;0;2.99
19;0;2.99
20;0;2.99
21;0;2.99
22;0;2.99
23;0;2.99
24;0;2.99
25;0;2.99
26;0;2.99
27;0;2.99
28;0;2.99
29;0;2.99
30;0;2.99
31;0;2.99
32;0;2.99
33;0;2.99
34;0;2.99
35;0;2.99
36;0;2.99
37;0;2.99
38;0;2.99
39;0;2.99
40;0;2.99
41;0;2.99
42;0;2.99
Véhicule;Distance parcouru par les véhicules;Temps de calcul
1;120;2.93
2;104;2.93
3;110;2.93
4;117;2.93
5;114;2.93
6;117;2.93
7;116;2.93
8;118;2.93
9;120;2.93
10;118;2.93
11;120;2.93
12;120;2.93
13;112;2.93
14;112;2.93
15;119;2.93
16;0;2.93
17;112;2.93
18;0;2.93
19;0;2.93
20;0;2.93
21;0;2.93
22;0;2.93
23;0;2.93
24;0;2.93
25;0;2.93
26;0;2.93
27;0;2.93
28;0;2.93
29;0;2.93
30;0;2.93
31;0;2.93
32;0;2.93
33;0;2.93
34;0;2.93
35;0;2.93
36;0;2.93
37;0;2.93
38;0;2.93
39;0;2.93
40;0;2.93
41;0;2.93
42;0;2.93
43;0;2.93
Véhicule;Distance parcouru par les véhicules;Temps de calcul
1;120;2.8
2;104;2.8
3;110;2.8
4;117;2.8
5;114;2.8
6;117;2.8
7;116;2.8
8;118;2.8
9;120;2.8
10;118;2.8
11;120;2.8
12;120;2.8
13;112;2.8
14;112;2.8
15;119;2.8
16;0;2.8
17;112;2.8
18;0;2.8
19;0;2.8
20;0;2.8
21;0;2.8
22;0;2.8
23;0;2.8
24;0;2.8
25;0;2.8
26;0;2.8
27;0;2.8
28;0;2.8
29;0;2.8
30;0;2.8
31;0;2.8
32;0;2.8
33;0;2.8
34;0;2.8
35;0;2.8
36;0;2.8
37;0;2.8
38;0;2.8
39;0;2.8
40;0;2.8
41;0;2.8
42;0;2.8
43;0;2.8
44;0;2.8
Véhicule;Distance parcouru par les véhicules;Temps de calcul
1;120;2.77
2;104;2.77
3;110;2.77
4;117;2.77
5;114;2.77
6;117;2.77
7;116;2.77
8;118;2.77
9;120;2.77
10;118;2.77
11;120;2.77
12;120;2.77
13;112;2.77
14;112;2.77
15;119;2.77
16;0;2.77
17;112;2.77
18;0;2.77
19;0;2.77
20;0;2.77
21;0;2.77
22;0;2.77
23;0;2.77
24;0;2.77
25;0;2.77
26;0;2.77
27;0;2.77
28;0;2.77
29;0;2.77
30;0;2.77
31;0;2.77
32;0;2.77
33;0;2.77
34;0;2.77
35;0;2.77
36;0;2.77
37;0;2.77
38;0;2.77
39;0;2.77
40;0;2.77
41;0;2.77
42;0;2.77
43;0;2.77
44;0;2.77
45;0;2.77
Véhicule;Distance parcouru par les véhicules;Temps de calcul
1;120;2.76
2;104;2.76
3;110;2.76
4;117;2.76
5;114;2.76
6;117;2.76
7;116;2.76
8;118;2.76
9;120;2.76
10;118;2.76
11;120;2.76
12;120;2.76
13;112;2.76
14;112;2.76
15;119;2.76
16;0;2.76
17;112;2.76
18;0;2.76
19;0;2.76
20;0;2.76
21;0;2.76
22;0;2.76
23;0;2.76
24;0;2.76
25;0;2.76
26;0;2.76
27;0;2.76
28;0;2.76
29;0;2.76
30;0;2.76
31;0;2.76
32;0;2.76
33;0;2.76
34;0;2.76
35;0;2.76
36;0;2.76
37;0;2.76
38;0;2.76
39;0;2.76
40;0;2.76
41;0;2.76
42;0;2.76
43;0;2.76
44;0;2.76
45;0;2.76
46;0;2.76
Véhicule;Distance parcouru par les véhicules;Temps de calcul
1;120;2.76
2;104;2.76
3;110;2.76
4;117;2.76
5;114;2.76
6;117;2.76
7;116;2.76
8;118;2.76
9;120;2.76
10;118;2.76
11;120;2.76
12;120;2.76
13;112;2.76
14;112;2.76
15;119;2.76
16;0;2.76
17;112;2.76
18;0;2.76
19;0;2.76
20;0;2.76
21;0;2.76
22;0;2.76
23;0;2.76
24;0;2.76
25;0;2.76
26;0;2.76
27;0;2.76
28;0;2.76
29;0;2.76
30;0;2.76
31;0;2.76
32;0;2.76
33;0;2.76
34;0;2.76
35;0;2.76
36;0;2.76
37;0;2.76
38;0;2.76
39;0;2.76
40;0;2.76
41;0;2.76
42;0;2.76
43;0;2.76
44;0;2.76
45;0;2.76
46;0;2.76
47;0;2.76
Véhicule;Distance parcouru par les véhicules;Temps de calcul
1;120;2.87
2;104;2.87
3;110;2.87
4;117;2.87
5;114;2.87
6;117;2.87
7;116;2.87
8;118;2.87
9;120;2.87
10;118;2.87
11;120;2.87
12;120;2.87
13;112;2.87
14;112;2.87
15;119;2.87
16;0;2.87
17;112;2.87
18;0;2.87
19;0;2.87
20;0;2.87
21;0;2.87
22;0;2.87
23;0;2.87
24;0;2.87
25;0;2.87
26;0;2.87
27;0;2.87
28;0;2.87
29;0;2.87
30;0;2.87
31;0;2.87
32;0;2.87
33;0;2.87
34;0;2.87
35;0;2.87
36;0;2.87
37;0;2.87
38;0;2.87
39;0;2.87
40;0;2.87
41;0;2.87
42;0;2.87
43;0;2.87
44;0;2.87
45;0;2.87
46;0;2.87
47;0;2.87
48;0;2.87
Véhicule;Distance parcouru par les véhicules;Temps de calcul
1;120;2.8
2;104;2.8
3;110;2.8
4;117;2.8
5;114;2.8
6;117;2.8
7;116;2.8
8;118;2.8
9;120;2.8
10;118;2.8
11;120;2.8
12;120;2.8
13;112;2.8
14;112;2.8
15;119;2.8
16;0;2.8
17;112;2.8
18;0;2.8
19;0;2.8
20;0;2.8
21;0;2.8
22;0;2.8
23;0;2.8
24;0;2.8
25;0;2.8
26;0;2.8
27;0;2.8
28;0;2.8
29;0;2.8
30;0;2.8
31;0;2.8
32;0;2.8
33;0;2.8
34;0;2.8
35;0;2.8
36;0;2.8
37;0;2.8
38;0;2.8
39;0;2.8
40;0;2.8
41;0;2.8
42;0;2.8
43;0;2.8
44;0;2.8
45;0;2.8
46;0;2.8
47;0;2.8
48;0;2.8
49;0;2.8
Véhicule;Distance parcouru par les véhicules;Temps de calcul
1;120;2.83
2;104;2.83
3;110;2.83
4;117;2.83
5;114;2.83
6;117;2.83
7;116;2.83
8;118;2.83
9;120;2.83
10;118;2.83
11;120;2.83
12;120;2.83
13;112;2.83
14;112;2.83
15;119;2.83
16;0;2.83
17;112;2.83
18;0;2.83
19;0;2.83
20;0;2.83
21;0;2.83
22;0;2.83
23;0;2.83
24;0;2.83
25;0;2.83
26;0;2.83
27;0;2.83
28;0;2.83
29;0;2.83
30;0;2.83
31;0;2.83
32;0;2.83
33;0;2.83
34;0;2.83
35;0;2.83
36;0;2.83
37;0;2.83
38;0;2.83
39;0;2.83
40;0;2.83
41;0;2.83
42;0;2.83
43;0;2.83
44;0;2.83
45;0;2.83
46;0;2.83
47;0;2.83
48;0;2.83
49;0;2.83
50;0;2.83
Véhicule;Distance parcouru par les véhicules;Temps de calcul
1;120;2.85
2;104;2.85
3;110;2.85
4;117;2.85
5;114;2.85
6;117;2.85
7;116;2.85
8;118;2.85
9;120;2.85
10;118;2.85
11;120;2.85
12;120;2.85
13;112;2.85
14;112;2.85
15;119;2.85
16;0;2.85
17;112;2.85
18;0;2.85
19;0;2.85
20;0;2.85
21;0;2.85
22;0;2.85
23;0;2.85
24;0;2.85
25;0;2.85
26;0;2.85
27;0;2.85
28;0;2.85
29;0;2.85
30;0;2.85
31;0;2.85
32;0;2.85
33;0;2.85
34;0;2.85
35;0;2.85
36;0;2.85
37;0;2.85
38;0;2.85
39;0;2.85
40;0;2.85
41;0;2.85
42;0;2.85
43;0;2.85
44;0;2.85
45;0;2.85
46;0;2.85
47;0;2.85
48;0;2.85
49;0;2.85
50;0;2.85
51;0;2.85
Véhicule;Distance parcouru par les véhicules;Temps de calcul
1;120;2.75
2;104;2.75
3;110;2.75
4;117;2.75
5;114;2.75
6;117;2.75
7;116;2.75
8;118;2.75
9;120;2.75
10;118;2.75
11;120;2.75
12;120;2.75
13;112;2.75
14;112;2.75
15;119;2.75
16;0;2.75
17;112;2.75
18;0;2.75
19;0;2.75
20;0;2.75
21;0;2.75
22;0;2.75
23;0;2.75
24;0;2.75
25;0;2.75
26;0;2.75
27;0;2.75
28;0;2.75
29;0;2.75
30;0;2.75
31;0;2.75
32;0;2.75
33;0;2.75
34;0;2.75
35;0;2.75
36;0;2.75
37;0;2.75
38;0;2.75
39;0;2.75
40;0;2.75
41;0;2.75
42;0;2.75
43;0;2.75
44;0;2.75
45;0;2.75
46;0;2.75
47;0;2.75
48;0;2.75
49;0;2.75
50;0;2.75
51;0;2.75
52;0;2.75
Véhicule;Distance parcouru par les véhicules;Temps de calcul
1;120;2.8
2;104;2.8
3;110;2.8
4;117;2.8
5;114;2.8
6;117;2.8
7;116;2.8
8;118;2.8
9;120;2.8
10;118;2.8
11;120;2.8
12;120;2.8
13;112;2.8
14;112;2.8
15;119;2.8
16;0;2.8
17;112;2.8
18;0;2.8
19;0;2.8
20;0;2.8
21;0;2.8
22;0;2.8
23;0;2.8
24;0;2.8
25;0;2.8
26;0;2.8
27;0;2.8
28;0;2.8
29;0;2.8
30;0;2.8
31;0;2.8
32;0;2.8
33;0;2.8
34;0;2.8
35;0;2.8
36;0;2.8
37;0;2.8
38;0;2.8
39;0;2.8
40;0;2.8
41;0;2.8
42;0;2.8
43;0;2.8
44;0;2.8
45;0;2.8
46;0;2.8
47;0;2.8
48;0;2.8
49;0;2.8
50;0;2.8
51;0;2.8
52;0;2.8
53;0;2.8
Véhicule;Distance parcouru par les véhicules;Temps de calcul
1;120;2.76
2;104;2.76
3;110;2.76
4;117;2.76
5;114;2.76
6;117;2.76
7;116;2.76
8;118;2.76
9;120;2.76
10;118;2.76
11;120;2.76
12;120;2.76
13;112;2.76
14;112;2.76
15;119;2.76
16;0;2.76
17;112;2.76
18;0;2.76
19;0;2.76
20;0;2.76
21;0;2.76
22;0;2.76
23;0;2.76
24;0;2.76
25;0;2.76
26;0;2.76
27;0;2.76
28;0;2.76
29;0;2.76
30;0;2.76
31;0;2.76
32;0;2.76
33;0;2.76
34;0;2.76
35;0;2.76
36;0;2.76
37;0;2.76
38;0;2.76
39;0;2.76
40;0;2.76
41;0;2.76
42;0;2.76
43;0;2.76
44;0;2.76
45;0;2.76
46;0;2.76
47;0;2.76
48;0;2.76
49;0;2.76
50;0;2.76
51;0;2.76
52;0;2.76
53;0;2.76
54;0;2.76
Véhicule;Distance parcouru par les véhicules;Temps de calcul
1;120;2.83
2;104;2.83
3;110;2.83
4;117;2.83
5;114;2.83
6;117;2.83
7;116;2.83
8;118;2.83
9;120;2.83
10;118;2.83
11;120;2.83
12;120;2.83
13;112;2.83
14;112;2.83
15;119;2.83
16;0;2.83
17;112;2.83
18;0;2.83
19;0;2.83
20;0;2.83
21;0;2.83
22;0;2.83
23;0;2.83
24;0;2.83
25;0;2.83
26;0;2.83
27;0;2.83
28;0;2.83
29;0;2.83
30;0;2.83
31;0;2.83
32;0;2.83
33;0;2.83
34;0;2.83
35;0;2.83
36;0;2.83
37;0;2.83
38;0;2.83
39;0;2.83
40;0;2.83
41;0;2.83
42;0;2.83
43;0;2.83
44;0;2.83
45;0;2.83
46;0;2.83
47;0;2.83
48;0;2.83
49;0;2.83
50;0;2.83
51;0;2.83
52;0;2.83
53;0;2.83
54;0;2.83
55;0;2.83
Véhicule;Distance parcouru par les véhicules;Temps de calcul
1;120;2.82
2;104;2.82
3;110;2.82
4;117;2.82
5;114;2.82
6;117;2.82
7;116;2.82
8;118;2.82
9;120;2.82
10;118;2.82
11;120;2.82
12;120;2.82
13;112;2.82
14;112;2.82
15;119;2.82
16;0;2.82
17;112;2.82
18;0;2.82
19;0;2.82
20;0;2.82
21;0;2.82
22;0;2.82
23;0;2.82
24;0;2.82
25;0;2.82
26;0;2.82
27;0;2.82
28;0;2.82
29;0;2.82
30;0;2.82
31;0;2.82
32;0;2.82
33;0;2.82
34;0;2.82
35;0;2.82
36;0;2.82
37;0;2.82
38;0;2.82
39;0;2.82
40;0;2.82
41;0;2.82
42;0;2.82
43;0;2.82
44;0;2.82
45;0;2.82
46;0;2.82
47;0;2.82
48;0;2.82
49;0;2.82
50;0;2.82
51;0;2.82
52;0;2.82
53;0;2.82
54;0;2.82
55;0;2.82
56;0;2.82
Véhicule;Distance parcouru par les véhicules;Temps de calcul
1;120;2.9
2;104;2.9
3;110;2.9
4;117;2.9
5;114;2.9
6;117;2.9
7;116;2.9
8;118;2.9
9;120;2.9
10;118;2.9
11;120;2.9
12;120;2.9
13;112;2.9
14;112;2.9
15;119;2.9
16;0;2.9
17;112;2.9
18;0;2.9
19;0;2.9
20;0;2.9
21;0;2.9
22;0;2.9
23;0;2.9
24;0;2.9
25;0;2.9
26;0;2.9
27;0;2.9
28;0;2.9
29;0;2.9
30;0;2.9
31;0;2.9
32;0;2.9
33;0;2.9
34;0;2.9
35;0;2.9
36;0;2.9
37;0;2.9
38;0;2.9
39;0;2.9
40;0;2.9
41;0;2.9
42;0;2.9
43;0;2.9
44;0;2.9
45;0;2.9
46;0;2.9
47;0;2.9
48;0;2.9
49;0;2.9
50;0;2.9
51;0;2.9
52;0;2.9
53;0;2.9
54;0;2.9
55;0;2.9
56;0;2.9
57;0;2.9
Véhicule;Distance parcouru par les véhicules;Temps de calcul
1;120;2.89
2;104;2.89
3;110;2.89
4;117;2.89
5;114;2.89
6;117;2.89
7;116;2.89
8;118;2.89
9;120;2.89
10;118;2.89
11;120;2.89
12;120;2.89
13;112;2.89
14;112;2.89
15;119;2.89
16;0;2.89
17;112;2.89
18;0;2.89
19;0;2.89
20;0;2.89
21;0;2.89
22;0;2.89
23;0;2.89
24;0;2.89
25;0;2.89
26;0;2.89
27;0;2.89
28;0;2.89
29;0;2.89
30;0;2.89
31;0;2.89
32;0;2.89
33;0;2.89
34;0;2.89
35;0;2.89
36;0;2.89
37;0;2.89
38;0;2.89
39;0;2.89
40;0;2.89
41;0;2.89
42;0;2.89
43;0;2.89
44;0;2.89
45;0;2.89
46;0;2.89
47;0;2.89
48;0;2.89
49;0;2.89
50;0;2.89
51;0;2.89
52;0;2.89
53;0;2.89
54;0;2.89
55;0;2.89
56;0;2.89
57;0;2.89
58;0;2.89
Véhicule;Distance parcouru par les véhicules;Temps de calcul
1;120;2.84
2;104;2.84
3;110;2.84
4;117;2.84
5;114;2.84
6;117;2.84
7;116;2.84
8;118;2.84
9;120;2.84
10;118;2.84
11;120;2.84
12;120;2.84
13;112;2.84
14;112;2.84
15;119;2.84
16;0;2.84
17;112;2.84
18;0;2.84
19;0;2.84
20;0;2.84
21;0;2.84
22;0;2.84
23;0;2.84
24;0;2.84
25;0;2.84
26;0;2.84
27;0;2.84
28;0;2.84
29;0;2.84
30;0;2.84
31;0;2.84
32;0;2.84
33;0;2.84
34;0;2.84
35;0;2.84
36;0;2.84
37;0;2.84
38;0;2.84
39;0;2.84
40;0;2.84
41;0;2.84
42;0;2.84
43;0;2.84
44;0;2.84
45;0;2.84
46;0;2.84
47;0;2.84
48;0;2.84
49;0;2.84
50;0;2.84
51;0;2.84
52;0;2.84
53;0;2.84
54;0;2.84
55;0;2.84
56;0;2.84
57;0;2.84
58;0;2.84
59;0;2.84
Véhicule;Distance parcouru par les véhicules;Temps de calcul
1;120;2.83
2;104;2.83
3;110;2.83
4;117;2.83
5;114;2.83
6;117;2.83
7;116;2.83
8;118;2.83
9;120;2.83
10;118;2.83
11;120;2.83
12;120;2.83
13;112;2.83
14;112;2.83
15;119;2.83
16;0;2.83
17;112;2.83
18;0;2.83
19;0;2.83
20;0;2.83
21;0;2.83
22;0;2.83
23;0;2.83
24;0;2.83
25;0;2.83
26;0;2.83
27;0;2.83
28;0;2.83
29;0;2.83
30;0;2.83
31;0;2.83
32;0;2.83
33;0;2.83
34;0;2.83
35;0;2.83
36;0;2.83
37;0;2.83
38;0;2.83
39;0;2.83
40;0;2.83
41;0;2.83
42;0;2.83
43;0;2.83
44;0;2.83
45;0;2.83
46;0;2.83
47;0;2.83
48;0;2.83
49;0;2.83
50;0;2.83
51;0;2.83
52;0;2.83
53;0;2.83
54;0;2.83
55;0;2.83
56;0;2.83
57;0;2.83
58;0;2.83
59;0;2.83
60;0;2.83
Véhicule;Distance parcouru par les véhicules;Temps de calcul
1;120;2.95
2;104;2.95
3;110;2.95
4;117;2.95
5;114;2.95
6;117;2.95
7;116;2.95
8;118;2.95
9;120;2.95
10;118;2.95
11;120;2.95
12;120;2.95
13;112;2.95
14;112;2.95
15;119;2.95
16;0;2.95
17;112;2.95
18;0;2.95
19;0;2.95
20;0;2.95
21;0;2.95
22;0;2.95
23;0;2.95
24;0;2.95
25;0;2.95
26;0;2.95
27;0;2.95
28;0;2.95
29;0;2.95
30;0;2.95
31;0;2.95
32;0;2.95
33;0;2.95
34;0;2.95
35;0;2.95
36;0;2.95
37;0;2.95
38;0;2.95
39;0;2.95
40;0;2.95
41;0;2.95
42;0;2.95
43;0;2.95
44;0;2.95
45;0;2.95
46;0;2.95
47;0;2.95
48;0;2.95
49;0;2.95
50;0;2.95
51;0;2.95
52;0;2.95
53;0;2.95
54;0;2.95
55;0;2.95
56;0;2.95
57;0;2.95
58;0;2.95
59;0;2.95
60;0;2.95
61;0;2.95
Véhicule;Distance parcouru par les véhicules;Temps de calcul
1;120;2.97
2;104;2.97
3;110;2.97
4;117;2.97
5;114;2.97
6;117;2.97
7;116;2.97
8;118;2.97
9;120;2.97
10;118;2.97
11;120;2.97
12;120;2.97
13;112;2.97
14;112;2.97
15;119;2.97
16;0;2.97
17;112;2.97
18;0;2.97
19;0;2.97
20;0;2.97
21;0;2.97
22;0;2.97
23;0;2.97
24;0;2.97
25;0;2.97
26;0;2.97
27;0;2.97
28;0;2.97
29;0;2.97
30;0;2.97
31;0;2.97
32;0;2.97
33;0;2.97
34;0;2.97
35;0;2.97
36;0;2.97
37;0;2.97
38;0;2.97
39;0;2.97
40;0;2.97
41;0;2.97
42;0;2.97
43;0;2.97
44;0;2.97
45;0;2.97
46;0;2.97
47;0;2.97
48;0;2.97
49;0;2.97
50;0;2.97
51;0;2.97
52;0;2.97
53;0;2.97
54;0;2.97
55;0;2.97
56;0;2.97
57;0;2.97
58;0;2.97
59;0;2.97
60;0;2.97
61;0;2.97
62;0;2.97
Véhicule;Distance parcouru par les véhicules;Temps de calcul
1;120;2.81
2;104;2.81
3;110;2.81
4;117;2.81
5;114;2.81
6;117;2.81
7;116;2.81
8;118;2.81
9;120;2.81
10;118;2.81
11;120;2.81
12;120;2.81
13;112;2.81
14;112;2.81
15;119;2.81
16;0;2.81
17;112;2.81
18;0;2.81
19;0;2.81
20;0;2.81
21;0;2.81
22;0;2.81
23;0;2.81
24;0;2.81
25;0;2.81
26;0;2.81
27;0;2.81
28;0;2.81
29;0;2.81
30;0;2.81
31;0;2.81
32;0;2.81
33;0;2.81
34;0;2.81
35;0;2.81
36;0;2.81
37;0;2.81
38;0;2.81
39;0;2.81
40;0;2.81
41;0;2.81
42;0;2.81
43;0;2.81
44;0;2.81
45;0;2.81
46;0;2.81
47;0;2.81
48;0;2.81
49;0;2.81
50;0;2.81
51;0;2.81
52;0;2.81
53;0;2.81
54;0;2.81
55;0;2.81
56;0;2.81
57;0;2.81
58;0;2.81
59;0;2.81
60;0;2.81
61;0;2.81
62;0;2.81
63;0;2.81
Véhicule;Distance parcouru par les véhicules;Temps de calcul
1;120;2.82
2;104;2.82
3;110;2.82
4;117;2.82
5;114;2.82
6;117;2.82
7;116;2.82
8;118;2.82
9;120;2.82
10;118;2.82
11;120;2.82
12;120;2.82
13;112;2.82
14;112;2.82
15;119;2.82
16;0;2.82
17;112;2.82
18;0;2.82
19;0;2.82
20;0;2.82
21;0;2.82
22;0;2.82
23;0;2.82
24;0;2.82
25;0;2.82
26;0;2.82
27;0;2.82
28;0;2.82
29;0;2.82
30;0;2.82
31;0;2.82
32;0;2.82
33;0;2.82
34;0;2.82
35;0;2.82
36;0;2.82
37;0;2.82
38;0;2.82
39;0;2.82
40;0;2.82
41;0;2.82
42;0;2.82
43;0;2.82
44;0;2.82
45;0;2.82
46;0;2.82
47;0;2.82
48;0;2.82
49;0;2.82
50;0;2.82
51;0;2.82
52;0;2.82
53;0;2.82
54;0;2.82
55;0;2.82
56;0;2.82
57;0;2.82
58;0;2.82
59;0;2.82
60;0;2.82
61;0;2.82
62;0;2.82
63;0;2.82
64;0;2.82
Véhicule;Distance parcouru par les véhicules;Temps de calcul
1;120;3.02
2;104;3.02
3;110;3.02
4;117;3.02
5;114;3.02
6;117;3.02
7;116;3.02
8;118;3.02
9;120;3.02
10;118;3.02
11;120;3.02
12;120;3.02
13;112;3.02
14;112;3.02
15;119;3.02
16;0;3.02
17;112;3.02
18;0;3.02
19;0;3.02
20;0;3.02
21;0;3.02
22;0;3.02
23;0;3.02
24;0;3.02
25;0;3.02
26;0;3.02
27;0;3.02
28;0;3.02
29;0;3.02
30;0;3.02
31;0;3.02
32;0;3.02
33;0;3.02
34;0;3.02
35;0;3.02
36;0;3.02
37;0;3.02
38;0;3.02
39;0;3.02
40;0;3.02
41;0;3.02
42;0;3.02
43;0;3.02
44;0;3.02
45;0;3.02
46;0;3.02
47;0;3.02
48;0;3.02
49;0;3.02
50;0;3.02
51;0;3.02
52;0;3.02
53;0;3.02
54;0;3.02
55;0;3.02
56;0;3.02
57;0;3.02
58;0;3.02
59;0;3.02
60;0;3.02
61;0;3.02
62;0;3.02
63;0;3.02
64;0;3.02
65;0;3.02
Véhicule;Distance parcouru par les véhicules;Temps de calcul
1;120;3.07
2;104;3.07
3;110;3.07
4;117;3.07
5;114;3.07
6;117;3.07
7;116;3.07
8;118;3.07
9;120;3.07
10;118;3.07
11;120;3.07
12;120;3.07
13;112;3.07
14;112;3.07
15;119;3.07
16;0;3.07
17;112;3.07
18;0;3.07
19;0;3.07
20;0;3.07
21;0;3.07
22;0;3.07
23;0;3.07
24;0;3.07
25;0;3.07
26;0;3.07
27;0;3.07
28;0;3.07
29;0;3.07
30;0;3.07
31;0;3.07
32;0;3.07
33;0;3.07
34;0;3.07
35;0;3.07
36;0;3.07
37;0;3.07
38;0;3.07
39;0;3.07
40;0;3.07
41;0;3.07
42;0;3.07
43;0;3.07
44;0;3.07
45;0;3.07
46;0;3.07
47;0;3.07
48;0;3.07
49;0;3.07
50;0;3.07
51;0;3.07
52;0;3.07
53;0;3.07
54;0;3.07
55;0;3.07
56;0;3.07
57;0;3.07
58;0;3.07
59;0;3.07
60;0;3.07
61;0;3.07
62;0;3.07
63;0;3.07
64;0;3.07
65;0;3.07
66;0;3.07
Véhicule;Distance parcouru par les véhicules;Temps de calcul
1;120;2.92
2;104;2.92
3;110;2.92
4;117;2.92
5;114;2.92
6;117;2.92
7;116;2.92
8;118;2.92
9;120;2.92
10;118;2.92
11;120;2.92
12;120;2.92
13;112;2.92
14;112;2.92
15;119;2.92
16;0;2.92
17;112;2.92
18;0;2.92
19;0;2.92
20;0;2.92
21;0;2.92
22;0;2.92
23;0;2.92
24;0;2.92
25;0;2.92
26;0;2.92
27;0;2.92
28;0;2.92
29;0;2.92
30;0;2.92
31;0;2.92
32;0;2.92
33;0;2.92
34;0;2.92
35;0;2.92
36;0;2.92
37;0;2.92
38;0;2.92
39;0;2.92
40;0;2.92
41;0;2.92
42;0;2.92
43;0;2.92
44;0;2.92
45;0;2.92
46;0;2.92
47;0;2.92
48;0;2.92
49;0;2.92
50;0;2.92
51;0;2.92
52;0;2.92
53;0;2.92
54;0;2.92
55;0;2.92
56;0;2.92
57;0;2.92
58;0;2.92
59;0;2.92
60;0;2.92
61;0;2.92
62;0;2.92
63;0;2.92
64;0;2.92
65;0;2.92
66;0;2.92
67;0;2.92
Véhicule;Distance parcouru par les véhicules;Temps de calcul
1;120;2.85
2;104;2.85
3;110;2.85
4;117;2.85
5;114;2.85
6;117;2.85
7;116;2.85
8;118;2.85
9;120;2.85
10;118;2.85
11;120;2.85
12;120;2.85
13;112;2.85
14;112;2.85
15;119;2.85
16;0;2.85
17;112;2.85
18;0;2.85
19;0;2.85
20;0;2.85
21;0;2.85
22;0;2.85
23;0;2.85
24;0;2.85
25;0;2.85
26;0;2.85
27;0;2.85
28;0;2.85
29;0;2.85
30;0;2.85
31;0;2.85
32;0;2.85
33;0;2.85
34;0;2.85
35;0;2.85
36;0;2.85
37;0;2.85
38;0;2.85
39;0;2.85
40;0;2.85
41;0;2.85
42;0;2.85
43;0;2.85
44;0;2.85
45;0;2.85
46;0;2.85
47;0;2.85
48;0;2.85
49;0;2.85
50;0;2.85
51;0;2.85
52;0;2.85
53;0;2.85
54;0;2.85
55;0;2.85
56;0;2.85
57;0;2.85
58;0;2.85
59;0;2.85
60;0;2.85
61;0;2.85
62;0;2.85
63;0;2.85
64;0;2.85
65;0;2.85
66;0;2.85
67;0;2.85
68;0;2.85
Véhicule;Distance parcouru par les véhicules;Temps de calcul
1;120;2.86
2;104;2.86
3;110;2.86
4;117;2.86
5;114;2.86
6;117;2.86
7;116;2.86
8;118;2.86
9;120;2.86
10;118;2.86
11;120;2.86
12;120;2.86
13;112;2.86
14;112;2.86
15;119;2.86
16;0;2.86
17;112;2.86
18;0;2.86
19;0;2.86
20;0;2.86
21;0;2.86
22;0;2.86
23;0;2.86
24;0;2.86
25;0;2.86
26;0;2.86
27;0;2.86
28;0;2.86
29;0;2.86
30;0;2.86
31;0;2.86
32;0;2.86
33;0;2.86
34;0;2.86
35;0;2.86
36;0;2.86
37;0;2.86
38;0;2.86
39;0;2.86
40;0;2.86
41;0;2.86
42;0;2.86
43;0;2.86
44;0;2.86
45;0;2.86
46;0;2.86
47;0;2.86
48;0;2.86
49;0;2.86
50;0;2.86
51;0;2.86
52;0;2.86
53;0;2.86
54;0;2.86
55;0;2.86
56;0;2.86
57;0;2.86
58;0;2.86
59;0;2.86
60;0;2.86
61;0;2.86
62;0;2.86
63;0;2.86
64;0;2.86
65;0;2.86
66;0;2.86
67;0;2.86
68;0;2.86
69;0;2.86
Véhicule;Distance parcouru par les véhicules;Temps de calcul
1;120;2.8
2;104;2.8
3;110;2.8
4;117;2.8
5;114;2.8
6;117;2.8
7;116;2.8
8;118;2.8
9;120;2.8
10;118;2.8
11;120;2.8
12;120;2.8
13;112;2.8
14;112;2.8
15;119;2.8
16;0;2.8
17;112;2.8
18;0;2.8
19;0;2.8
20;0;2.8
21;0;2.8
22;0;2.8
23;0;2.8
24;0;2.8
25;0;2.8
26;0;2.8
27;0;2.8
28;0;2.8
29;0;2.8
30;0;2.8
31;0;2.8
32;0;2.8
33;0;2.8
34;0;2.8
35;0;2.8
36;0;2.8
37;0;2.8
38;0;2.8
39;0;2.8
40;0;2.8
41;0;2.8
42;0;2.8
43;0;2.8
44;0;2.8
45;0;2.8
46;0;2.8
47;0;2.8
48;0;2.8
49;0;2.8
50;0;2.8
51;0;2.8
52;0;2.8
53;0;2.8
54;0;2.8
55;0;2.8
56;0;2.8
57;0;2.8
58;0;2.8
59;0;2.8
60;0;2.8
61;0;2.8
62;0;2.8
63;0;2.8
64;0;2.8
65;0;2.8
66;0;2.8
67;0;2.8
68;0;2.8
69;0;2.8
70;0;2.8
Véhicule;Distance parcouru par les véhicules;Temps de calcul
1;120;2.84
2;104;2.84
3;110;2.84
4;117;2.84
5;114;2.84
6;117;2.84
7;116;2.84
8;118;2.84
9;120;2.84
10;118;2.84
11;120;2.84
12;120;2.84
13;112;2.84
14;112;2.84
15;119;2.84
16;0;2.84
17;112;2.84
18;0;2.84
19;0;2.84
20;0;2.84
21;0;2.84
22;0;2.84
23;0;2.84
24;0;2.84
25;0;2.84
26;0;2.84
27;0;2.84
28;0;2.84
29;0;2.84
30;0;2.84
31;0;2.84
32;0;2.84
33;0;2.84
34;0;2.84
35;0;2.84
36;0;2.84
37;0;2.84
38;0;2.84
39;0;2.84
40;0;2.84
41;0;2.84
42;0;2.84
43;0;2.84
44;0;2.84
45;0;2.84
46;0;2.84
47;0;2.84
48;0;2.84
49;0;2.84
50;0;2.84
51;0;2.84
52;0;2.84
53;0;2.84
54;0;2.84
55;0;2.84
56;0;2.84
57;0;2.84
58;0;2.84
59;0;2.84
60;0;2.84
61;0;2.84
62;0;2.84
63;0;2.84
64;0;2.84
65;0;2.84
66;0;2.84
67;0;2.84
68;0;2.84
69;0;2.84
70;0;2.84
71;0;2.84
Véhicule;Distance parcouru par les véhicules;Temps de calcul
1;120;2.84
2;104;2.84
3;110;2.84
4;117;2.84
5;114;2.84
6;117;2.84
7;116;2.84
8;118;2.84
9;120;2.84
10;118;2.84
11;120;2.84
12;120;2.84
13;112;2.84
14;112;2.84
15;119;2.84
16;0;2.84
17;112;2.84
18;0;2.84
19;0;2.84
20;0;2.84
21;0;2.84
22;0;2.84
23;0;2.84
24;0;2.84
25;0;2.84
26;0;2.84
27;0;2.84
28;0;2.84
29;0;2.84
30;0;2.84
31;0;2.84
32;0;2.84
33;0;2.84
34;0;2.84
35;0;2.84
36;0;2.84
37;0;2.84
38;0;2.84
39;0;2.84
40;0;2.84
41;0;2.84
42;0;2.84
43;0;2.84
44;0;2.84
45;0;2.84
46;0;2.84
47;0;2.84
48;0;2.84
49;0;2.84
50;0;2.84
51;0;2.84
52;0;2.84
53;0;2.84
54;0;2.84
55;0;2.84
56;0;2.84
57;0;2.84
58;0;2.84
59;0;2.84
60;0;2.84
61;0;2.84
62;0;2.84
63;0;2.84
64;0;2.84
65;0;2.84
66;0;2.84
67;0;2.84
68;0;2.84
69;0;2.84
70;0;2.84
71;0;2.84
72;0;2.84
Véhicule;Distance parcouru par les véhicules;Temps de calcul
1;120;2.86
2;104;2.86
3;110;2.86
4;117;2.86
5;114;2.86
6;117;2.86
7;116;2.86
8;118;2.86
9;120;2.86
10;118;2.86
11;120;2.86
12;120;2.86
13;112;2.86
14;112;2.86
15;119;2.86
16;0;2.86
17;112;2.86
18;0;2.86
19;0;2.86
20;0;2.86
21;0;2.86
22;0;2.86
23;0;2.86
24;0;2.86
25;0;2.86
26;0;2.86
27;0;2.86
28;0;2.86
29;0;2.86
30;0;2.86
31;0;2.86
32;0;2.86
33;0;2.86
34;0;2.86
35;0;2.86
36;0;2.86
37;0;2.86
38;0;2.86
39;0;2.86
40;0;2.86
41;0;2.86
42;0;2.86
43;0;2.86
44;0;2.86
45;0;2.86
46;0;2.86
47;0;2.86
48;0;2.86
49;0;2.86
50;0;2.86
51;0;2.86
52;0;2.86
53;0;2.86
54;0;2.86
55;0;2.86
56;0;2.86
57;0;2.86
58;0;2.86
59;0;2.86
60;0;2.86
61;0;2.86
62;0;2.86
63;0;2.86
64;0;2.86
65;0;2.86
66;0;2.86
67;0;2.86
68;0;2.86
69;0;2.86
70;0;2.86
71;0;2.86
72;0;2.86
73;0;2.86
Véhicule;Distance parcouru par les véhicules;Temps de calcul
1;120;2.88
2;104;2.88
3;110;2.88
4;117;2.88
5;114;2.88
6;117;2.88
7;116;2.88
8;118;2.88
9;120;2.88
10;118;2.88
11;120;2.88
12;120;2.88
13;112;2.88
14;112;2.88
15;119;2.88
16;0;2.88
17;112;2.88
18;0;2.88
19;0;2.88
20;0;2.88
21;0;2.88
22;0;2.88
23;0;2.88
24;0;2.88
25;0;2.88
26;0;2.88
27;0;2.88
28;0;2.88
29;0;2.88
30;0;2.88
31;0;2.88
32;0;2.88
33;0;2.88
34;0;2.88
35;0;2.88
36;0;2.88
37;0;2.88
38;0;2.88
39;0;2.88
40;0;2.88
41;0;2.88
42;0;2.88
43;0;2.88
44;0;2.88
45;0;2.88
46;0;2.88
47;0;2.88
48;0;2.88
49;0;2.88
50;0;2.88
51;0;2.88
52;0;2.88
53;0;2.88
54;0;2.88
55;0;2.88
56;0;2.88
57;0;2.88
58;0;2.88
59;0;2.88
60;0;2.88
61;0;2.88
62;0;2.88
63;0;2.88
64;0;2.88
65;0;2.88
66;0;2.88
67;0;2.88
68;0;2.88
69;0;2.88
70;0;2.88
71;0;2.88
72;0;2.88
73;0;2.88
74;0;2.88
Véhicule;Distance parcouru par les véhicules;Temps de calcul
1;120;2.85
2;104;2.85
3;110;2.85
4;117;2.85
5;114;2.85
6;117;2.85
7;116;2.85
8;118;2.85
9;120;2.85
10;118;2.85
11;120;2.85
12;120;2.85
13;112;2.85
14;112;2.85
15;119;2.85
16;0;2.85
17;112;2.85
18;0;2.85
19;0;2.85
20;0;2.85
21;0;2.85
22;0;2.85
23;0;2.85
24;0;2.85
25;0;2.85
26;0;2.85
27;0;2.85
28;0;2.85
29;0;2.85
30;0;2.85
31;0;2.85
32;0;2.85
33;0;2.85
34;0;2.85
35;0;2.85
36;0;2.85
37;0;2.85
38;0;2.85
39;0;2.85
40;0;2.85
41;0;2.85
42;0;2.85
43;0;2.85
44;0;2.85
45;0;2.85
46;0;2.85
47;0;2.85
48;0;2.85
49;0;2.85
50;0;2.85
51;0;2.85
52;0;2.85
53;0;2.85
54;0;2.85
55;0;2.85
56;0;2.85
57;0;2.85
58;0;2.85
59;0;2.85
60;0;2.85
61;0;2.85
62;0;2.85
63;0;2.85
64;0;2.85
65;0;2.85
66;0;2.85
67;0;2.85
68;0;2.85
69;0;2.85
70;0;2.85
71;0;2.85
72;0;2.85
73;0;2.85
74;0;2.85
75;0;2.85
Véhicule;Distance parcouru par les véhicules;Temps de calcul
1;120;2.86
2;104;2.86
3;110;2.86
4;117;2.86
5;114;2.86
6;117;2.86
7;116;2.86
8;118;2.86
9;120;2.86
10;118;2.86
11;120;2.86
12;120;2.86
13;112;2.86
14;112;2.86
15;119;2.86
16;0;2.86
17;112;2.86
18;0;2.86
19;0;2.86
20;0;2.86
21;0;2.86
22;0;2.86
23;0;2.86
24;0;2.86
25;0;2.86
26;0;2.86
27;0;2.86
28;0;2.86
29;0;2.86
30;0;2.86
31;0;2.86
32;0;2.86
33;0;2.86
34;0;2.86
35;0;2.86
36;0;2.86
37;0;2.86
38;0;2.86
39;0;2.86
40;0;2.86
41;0;2.86
42;0;2.86
43;0;2.86
44;0;2.86
45;0;2.86
46;0;2.86
47;0;2.86
48;0;2.86
49;0;2.86
50;0;2.86
51;0;2.86
52;0;2.86
53;0;2.86
54;0;2.86
55;0;2.86
56;0;2.86
57;0;2.86
58;0;2.86
59;0;2.86
60;0;2.86
61;0;2.86
62;0;2.86
63;0;2.86
64;0;2.86
65;0;2.86
66;0;2.86
67;0;2.86
68;0;2.86
69;0;2.86
70;0;2.86
71;0;2.86
72;0;2.86
73;0;2.86
74;0;2.86
75;0;2.86
76;0;2.86
Véhicule;Distance parcouru par les véhicules;Temps de calcul
1;120;2.82
2;104;2.82
3;110;2.82
4;117;2.82
5;114;2.82
6;117;2.82
7;116;2.82
8;118;2.82
9;120;2.82
10;118;2.82
11;120;2.82
12;120;2.82
13;112;2.82
14;112;2.82
15;119;2.82
16;0;2.82
17;112;2.82
18;0;2.82
19;0;2.82
20;0;2.82
21;0;2.82
22;0;2.82
23;0;2.82
24;0;2.82
25;0;2.82
26;0;2.82
27;0;2.82
28;0;2.82
29;0;2.82
30;0;2.82
31;0;2.82
32;0;2.82
33;0;2.82
34;0;2.82
35;0;2.82
36;0;2.82
37;0;2.82
38;0;2.82
39;0;2.82
40;0;2.82
41;0;2.82
42;0;2.82
43;0;2.82
44;0;2.82
45;0;2.82
46;0;2.82
47;0;2.82
48;0;2.82
49;0;2.82
50;0;2.82
51;0;2.82
52;0;2.82
53;0;2.82
54;0;2.82
55;0;2.82
56;0;2.82
57;0;2.82
58;0;2.82
59;0;2.82
60;0;2.82
61;0;2.82
62;0;2.82
63;0;2.82
64;0;2.82
65;0;2.82
66;0;2.82
67;0;2.82
68;0;2.82
69;0;2.82
70;0;2.82
71;0;2.82
72;0;2.82
73;0;2.82
74;0;2.82
75;0;2.82
76;0;2.82
77;0;2.82
Véhicule;Distance parcouru par les véhicules;Temps de calcul
1;120;2.87
2;104;2.87
3;110;2.87
4;117;2.87
5;114;2.87
6;117;2.87
7;116;2.87
8;118;2.87
9;120;2.87
10;118;2.87
11;120;2.87
12;120;2.87
13;112;2.87
14;112;2.87
15;119;2.87
16;0;2.87
17;112;2.87
18;0;2.87
19;0;2.87
20;0;2.87
21;0;2.87
22;0;2.87
23;0;2.87
24;0;2.87
25;0;2.87
26;0;2.87
27;0;2.87
28;0;2.87
29;0;2.87
30;0;2.87
31;0;2.87
32;0;2.87
33;0;2.87
34;0;2.87
35;0;2.87
36;0;2.87
37;0;2.87
38;0;2.87
39;0;2.87
40;0;2.87
41;0;2.87
42;0;2.87
43;0;2.87
44;0;2.87
45;0;2.87
46;0;2.87
47;0;2.87
48;0;2.87
49;0;2.87
50;0;2.87
51;0;2.87
52;0;2.87
53;0;2.87
54;0;2.87
55;0;2.87
56;0;2.87
57;0;2.87
58;0;2.87
59;0;2.87
60;0;2.87
61;0;2.87
62;0;2.87
63;0;2.87
64;0;2.87
65;0;2.87
66;0;2.87
67;0;2.87
68;0;2.87
69;0;2.87
70;0;2.87
71;0;2.87
72;0;2.87
73;0;2.87
74;0;2.87
75;0;2.87
76;0;2.87
77;0;2.87
78;0;2.87
Véhicule;Distance parcouru par les véhicules;Temps de calcul
1;120;2.8
2;104;2.8
3;110;2.8
4;117;2.8
5;114;2.8
6;117;2.8
7;116;2.8
8;118;2.8
9;120;2.8
10;118;2.8
11;120;2.8
12;120;2.8
13;112;2.8
14;112;2.8
15;119;2.8
16;0;2.8
17;112;2.8
18;0;2.8
19;0;2.8
20;0;2.8
21;0;2.8
22;0;2.8
23;0;2.8
24;0;2.8
25;0;2.8
26;0;2.8
27;0;2.8
28;0;2.8
29;0;2.8
30;0;2.8
31;0;2.8
32;0;2.8
33;0;2.8
34;0;2.8
35;0;2.8
36;0;2.8
37;0;2.8
38;0;2.8
39;0;2.8
40;0;2.8
41;0;2.8
42;0;2.8
43;0;2.8
44;0;2.8
45;0;2.8
46;0;2.8
47;0;2.8
48;0;2.8
49;0;2.8
50;0;2.8
51;0;2.8
52;0;2.8
53;0;2.8
54;0;2.8
55;0;2.8
56;0;2.8
57;0;2.8
58;0;2.8
59;0;2.8
60;0;2.8
61;0;2.8
62;0;2.8
63;0;2.8
64;0;2.8
65;0;2.8
66;0;2.8
67;0;2.8
68;0;2.8
69;0;2.8
70;0;2.8
71;0;2.8
72;0;2.8
73;0;2.8
74;0;2.8
75;0;2.8
76;0;2.8
77;0;2.8
78;0;2.8
79;0;2.8
Véhicule;Distance parcouru par les véhicules;Temps de calcul
1;120;2.93
2;104;2.93
3;110;2.93
4;117;2.93
5;114;2.93
6;117;2.93
7;116;2.93
8;118;2.93
9;120;2.93
10;118;2.93
11;120;2.93
12;120;2.93
13;112;2.93
14;112;2.93
15;119;2.93
16;0;2.93
17;112;2.93
18;0;2.93
19;0;2.93
20;0;2.93
21;0;2.93
22;0;2.93
23;0;2.93
24;0;2.93
25;0;2.93
26;0;2.93
27;0;2.93
28;0;2.93
29;0;2.93
30;0;2.93
31;0;2.93
32;0;2.93
33;0;2.93
34;0;2.93
35;0;2.93
36;0;2.93
37;0;2.93
38;0;2.93
39;0;2.93
40;0;2.93
41;0;2.93
42;0;2.93
43;0;2.93
44;0;2.93
45;0;2.93
46;0;2.93
47;0;2.93
48;0;2.93
49;0;2.93
50;0;2.93
51;0;2.93
52;0;2.93
53;0;2.93
54;0;2.93
55;0;2.93
56;0;2.93
57;0;2.93
58;0;2.93
59;0;2.93
60;0;2.93
61;0;2.93
62;0;2.93
63;0;2.93
64;0;2.93
65;0;2.93
66;0;2.93
67;0;2.93
68;0;2.93
69;0;2.93
70;0;2.93
71;0;2.93
72;0;2.93
73;0;2.93
74;0;2.93
75;0;2.93
76;0;2.93
77;0;2.93
78;0;2.93
79;0;2.93
80;0;2.93
Véhicule;Distance parcouru par les véhicules;Temps de calcul
1;120;3.03
2;104;3.03
3;110;3.03
4;117;3.03
5;114;3.03
6;117;3.03
7;116;3.03
8;118;3.03
9;120;3.03
10;118;3.03
11;120;3.03
12;120;3.03
13;112;3.03
14;112;3.03
15;119;3.03
16;0;3.03
17;112;3.03
18;0;3.03
19;0;3.03
20;0;3.03
21;0;3.03
22;0;3.03
23;0;3.03
24;0;3.03
25;0;3.03
26;0;3.03
27;0;3.03
28;0;3.03
29;0;3.03
30;0;3.03
31;0;3.03
32;0;3.03
33;0;3.03
34;0;3.03
35;0;3.03
36;0;3.03
37;0;3.03
38;0;3.03
39;0;3.03
40;0;3.03
41;0;3.03
42;0;3.03
43;0;3.03
44;0;3.03
45;0;3.03
46;0;3.03
47;0;3.03
48;0;3.03
49;0;3.03
50;0;3.03
51;0;3.03
52;0;3.03
53;0;3.03
54;0;3.03
55;0;3.03
56;0;3.03
57;0;3.03
58;0;3.03
59;0;3.03
60;0;3.03
61;0;3.03
62;0;3.03
63;0;3.03
64;0;3.03
65;0;3.03
66;0;3.03
67;0;3.03
68;0;3.03
69;0;3.03
70;0;3.03
71;0;3.03
72;0;3.03
73;0;3.03
74;0;3.03
75;0;3.03
76;0;3.03
77;0;3.03
78;0;3.03
79;0;3.03
80;0;3.03
81;0;3.03
Véhicule;Distance parcouru par les véhicules;Temps de calcul
1;120;2.9
2;104;2.9
3;110;2.9
4;117;2.9
5;114;2.9
6;117;2.9
7;116;2.9
8;118;2.9
9;120;2.9
10;118;2.9
11;120;2.9
12;120;2.9
13;112;2.9
14;112;2.9
15;119;2.9
16;0;2.9
17;112;2.9
18;0;2.9
19;0;2.9
20;0;2.9
21;0;2.9
22;0;2.9
23;0;2.9
24;0;2.9
25;0;2.9
26;0;2.9
27;0;2.9
28;0;2.9
29;0;2.9
30;0;2.9
31;0;2.9
32;0;2.9
33;0;2.9
34;0;2.9
35;0;2.9
36;0;2.9
37;0;2.9
38;0;2.9
39;0;2.9
40;0;2.9
41;0;2.9
42;0;2.9
43;0;2.9
44;0;2.9
45;0;2.9
46;0;2.9
47;0;2.9
48;0;2.9
49;0;2.9
50;0;2.9
51;0;2.9
52;0;2.9
53;0;2.9
54;0;2.9
55;0;2.9
56;0;2.9
57;0;2.9
58;0;2.9
59;0;2.9
60;0;2.9
61;0;2.9
62;0;2.9
63;0;2.9
64;0;2.9
65;0;2.9
66;0;2.9
67;0;2.9
68;0;2.9
69;0;2.9
70;0;2.9
71;0;2.9
72;0;2.9
73;0;2.9
74;0;2.9
75;0;2.9
76;0;2.9
77;0;2.9
78;0;2.9
79;0;2.9
80;0;2.9
81;0;2.9
82;0;2.9
Véhicule;Distance parcouru par les véhicules;Temps de calcul
1;120;2.89
2;104;2.89
3;110;2.89
4;117;2.89
5;114;2.89
6;117;2.89
7;116;2.89
8;118;2.89
9;120;2.89
10;118;2.89
11;120;2.89
12;120;2.89
13;112;2.89
14;112;2.89
15;119;2.89
16;0;2.89
17;112;2.89
18;0;2.89
19;0;2.89
20;0;2.89
21;0;2.89
22;0;2.89
23;0;2.89
24;0;2.89
25;0;2.89
26;0;2.89
27;0;2.89
28;0;2.89
29;0;2.89
30;0;2.89
31;0;2.89
32;0;2.89
33;0;2.89
34;0;2.89
35;0;2.89
36;0;2.89
37;0;2.89
38;0;2.89
39;0;2.89
40;0;2.89
41;0;2.89
42;0;2.89
43;0;2.89
44;0;2.89
45;0;2.89
46;0;2.89
47;0;2.89
48;0;2.89
49;0;2.89
50;0;2.89
51;0;2.89
52;0;2.89
53;0;2.89
54;0;2.89
55;0;2.89
56;0;2.89
57;0;2.89
58;0;2.89
59;0;2.89
60;0;2.89
61;0;2.89
62;0;2.89
63;0;2.89
64;0;2.89
65;0;2.89
66;0;2.89
67;0;2.89
68;0;2.89
69;0;2.89
70;0;2.89
71;0;2.89
72;0;2.89
73;0;2.89
74;0;2.89
75;0;2.89
76;0;2.89
77;0;2.89
78;0;2.89
79;0;2.89
80;0;2.89
81;0;2.89
82;0;2.89
83;0;2.89
Véhicule;Distance parcouru par les véhicules;Temps de calcul
1;120;2.88
2;104;2.88
3;110;2.88
4;117;2.88
5;114;2.88
6;117;2.88
7;116;2.88
8;118;2.88
9;120;2.88
10;118;2.88
11;120;2.88
12;120;2.88
13;112;2.88
14;112;2.88
15;119;2.88
16;0;2.88
17;112;2.88
18;0;2.88
19;0;2.88
20;0;2.88
21;0;2.88
22;0;2.88
23;0;2.88
24;0;2.88
25;0;2.88
26;0;2.88
27;0;2.88
28;0;2.88
29;0;2.88
30;0;2.88
31;0;2.88
32;0;2.88
33;0;2.88
34;0;2.88
35;0;2.88
36;0;2.88
37;0;2.88
38;0;2.88
39;0;2.88
40;0;2.88
41;0;2.88
42;0;2.88
43;0;2.88
44;0;2.88
45;0;2.88
46;0;2.88
47;0;2.88
48;0;2.88
49;0;2.88
50;0;2.88
51;0;2.88
52;0;2.88
53;0;2.88
54;0;2.88
55;0;2.88
56;0;2.88
57;0;2.88
58;0;2.88
59;0;2.88
60;0;2.88
61;0;2.88
62;0;2.88
63;0;2.88
64;0;2.88
65;0;2.88
66;0;2.88
67;0;2.88
68;0;2.88
69;0;2.88
70;0;2.88
71;0;2.88
72;0;2.88
73;0;2.88
74;0;2.88
75;0;2.88
76;0;2.88
77;0;2.88
78;0;2.88
79;0;2.88
80;0;2.88
81;0;2.88
82;0;2.88
83;0;2.88
84;0;2.88
Véhicule;Distance parcouru par les véhicules;Temps de calcul
1;120;2.88
2;104;2.88
3;110;2.88
4;117;2.88
5;114;2.88
6;117;2.88
7;116;2.88
8;118;2.88
9;120;2.88
10;118;2.88
11;120;2.88
12;120;2.88
13;112;2.88
14;112;2.88
15;119;2.88
16;0;2.88
17;112;2.88
18;0;2.88
19;0;2.88
20;0;2.88
21;0;2.88
22;0;2.88
23;0;2.88
24;0;2.88
25;0;2.88
26;0;2.88
27;0;2.88
28;0;2.88
29;0;2.88
30;0;2.88
31;0;2.88
32;0;2.88
33;0;2.88
34;0;2.88
35;0;2.88
36;0;2.88
37;0;2.88
38;0;2.88
39;0;2.88
40;0;2.88
41;0;2.88
42;0;2.88
43;0;2.88
44;0;2.88
45;0;2.88
46;0;2.88
47;0;2.88
48;0;2.88
49;0;2.88
50;0;2.88
51;0;2.88
52;0;2.88
53;0;2.88
54;0;2.88
55;0;2.88
56;0;2.88
57;0;2.88
58;0;2.88
59;0;2.88
60;0;2.88
61;0;2.88
62;0;2.88
63;0;2.88
64;0;2.88
65;0;2.88
66;0;2.88
67;0;2.88
68;0;2.88
69;0;2.88
70;0;2.88
71;0;2.88
72;0;2.88
73;0;2.88
74;0;2.88
75;0;2.88
76;0;2.88
77;0;2.88
78;0;2.88
79;0;2.88
80;0;2.88
81;0;2.88
82;0;2.88
83;0;2.88
84;0;2.88
85;0;2.88
Véhicule;Distance parcouru par les véhicules;Temps de calcul
1;120;2.84
2;104;2.84
3;110;2.84
4;117;2.84
5;114;2.84
6;117;2.84
7;116;2.84
8;118;2.84
9;120;2.84
10;118;2.84
11;120;2.84
12;120;2.84
13;112;2.84
14;112;2.84
15;119;2.84
16;0;2.84
17;112;2.84
18;0;2.84
19;0;2.84
20;0;2.84
21;0;2.84
22;0;2.84
23;0;2.84
24;0;2.84
25;0;2.84
26;0;2.84
27;0;2.84
28;0;2.84
29;0;2.84
30;0;2.84
31;0;2.84
32;0;2.84
33;0;2.84
34;0;2.84
35;0;2.84
36;0;2.84
37;0;2.84
38;0;2.84
39;0;2.84
40;0;2.84
41;0;2.84
42;0;2.84
43;0;2.84
44;0;2.84
45;0;2.84
46;0;2.84
47;0;2.84
48;0;2.84
49;0;2.84
50;0;2.84
51;0;2.84
52;0;2.84
53;0;2.84
54;0;2.84
55;0;2.84
56;0;2.84
57;0;2.84
58;0;2.84
59;0;2.84
60;0;2.84
61;0;2.84
62;0;2.84
63;0;2.84
64;0;2.84
65;0;2.84
66;0;2.84
67;0;2.84
68;0;2.84
69;0;2.84
70;0;2.84
71;0;2.84
72;0;2.84
73;0;2.84
74;0;2.84
75;0;2.84
76;0;2.84
77;0;2.84
78;0;2.84
79;0;2.84
80;0;2.84
81;0;2.84
82;0;2.84
83;0;2.84
84;0;2.84
85;0;2.84
86;0;2.84
Véhicule;Distance parcouru par les véhicules;Temps de calcul
1;120;3.01
2;104;3.01
3;110;3.01
4;117;3.01
5;114;3.01
6;117;3.01
7;116;3.01
8;118;3.01
9;120;3.01
10;118;3.01
11;120;3.01
12;120;3.01
13;112;3.01
14;112;3.01
15;119;3.01
16;0;3.01
17;112;3.01
18;0;3.01
19;0;3.01
20;0;3.01
21;0;3.01
22;0;3.01
23;0;3.01
24;0;3.01
25;0;3.01
26;0;3.01
27;0;3.01
28;0;3.01
29;0;3.01
30;0;3.01
31;0;3.01
32;0;3.01
33;0;3.01
34;0;3.01
35;0;3.01
36;0;3.01
37;0;3.01
38;0;3.01
39;0;3.01
40;0;3.01
41;0;3.01
42;0;3.01
43;0;3.01
44;0;3.01
45;0;3.01
46;0;3.01
47;0;3.01
48;0;3.01
49;0;3.01
50;0;3.01
51;0;3.01
52;0;3.01
53;0;3.01
54;0;3.01
55;0;3.01
56;0;3.01
57;0;3.01
58;0;3.01
59;0;3.01
60;0;3.01
61;0;3.01
62;0;3.01
63;0;3.01
64;0;3.01
65;0;3.01
66;0;3.01
67;0;3.01
68;0;3.01
69;0;3.01
70;0;3.01
71;0;3.01
72;0;3.01
73;0;3.01
74;0;3.01
75;0;3.01
76;0;3.01
77;0;3.01
78;0;3.01
79;0;3.01
80;0;3.01
81;0;3.01
82;0;3.01
83;0;3.01
84;0;3.01
85;0;3.01
86;0;3.01
87;0;3.01
Véhicule;Distance parcouru par les véhicules;Temps de calcul
1;120;3.05
2;104;3.05
3;110;3.05
4;117;3.05
5;114;3.05
6;117;3.05
7;116;3.05
8;118;3.05
9;120;3.05
10;118;3.05
11;120;3.05
12;120;3.05
13;112;3.05
14;112;3.05
15;119;3.05
16;0;3.05
17;112;3.05
18;0;3.05
19;0;3.05
20;0;3.05
21;0;3.05
22;0;3.05
23;0;3.05
24;0;3.05
25;0;3.05
26;0;3.05
27;0;3.05
28;0;3.05
29;0;3.05
30;0;3.05
31;0;3.05
32;0;3.05
33;0;3.05
34;0;3.05
35;0;3.05
36;0;3.05
37;0;3.05
38;0;3.05
39;0;3.05
40;0;3.05
41;0;3.05
42;0;3.05
43;0;3.05
44;0;3.05
45;0;3.05
46;0;3.05
47;0;3.05
48;0;3.05
49;0;3.05
50;0;3.05
51;0;3.05
52;0;3.05
53;0;3.05
54;0;3.05
55;0;3.05
56;0;3.05
57;0;3.05
58;0;3.05
59;0;3.05
60;0;3.05
61;0;3.05
62;0;3.05
63;0;3.05
64;0;3.05
65;0;3.05
66;0;3.05
67;0;3.05
68;0;3.05
69;0;3.05
70;0;3.05
71;0;3.05
72;0;3.05
73;0;3.05
74;0;3.05
75;0;3.05
76;0;3.05
77;0;3.05
78;0;3.05
79;0;3.05
80;0;3.05
81;0;3.05
82;0;3.05
83;0;3.05
84;0;3.05
85;0;3.05
86;0;3.05
87;0;3.05
88;0;3.05
Véhicule;Distance parcouru par les véhicules;Temps de calcul
1;120;3.03
2;104;3.03
3;110;3.03
4;117;3.03
5;114;3.03
6;117;3.03
7;116;3.03
8;118;3.03
9;120;3.03
10;118;3.03
11;120;3.03
12;120;3.03
13;112;3.03
14;112;3.03
15;119;3.03
16;0;3.03
17;112;3.03
18;0;3.03
19;0;3.03
20;0;3.03
21;0;3.03
22;0;3.03
23;0;3.03
24;0;3.03
25;0;3.03
26;0;3.03
27;0;3.03
28;0;3.03
29;0;3.03
30;0;3.03
31;0;3.03
32;0;3.03
33;0;3.03
34;0;3.03
35;0;3.03
36;0;3.03
37;0;3.03
38;0;3.03
39;0;3.03
40;0;3.03
41;0;3.03
42;0;3.03
43;0;3.03
44;0;3.03
45;0;3.03
46;0;3.03
47;0;3.03
48;0;3.03
49;0;3.03
50;0;3.03
51;0;3.03
52;0;3.03
53;0;3.03
54;0;3.03
55;0;3.03
56;0;3.03
57;0;3.03
58;0;3.03
59;0;3.03
60;0;3.03
61;0;3.03
62;0;3.03
63;0;3.03
64;0;3.03
65;0;3.03
66;0;3.03
67;0;3.03
68;0;3.03
69;0;3.03
70;0;3.03
71;0;3.03
72;0;3.03
73;0;3.03
74;0;3.03
75;0;3.03
76;0;3.03
77;0;3.03
78;0;3.03
79;0;3.03
80;0;3.03
81;0;3.03
82;0;3.03
83;0;3.03
84;0;3.03
85;0;3.03
86;0;3.03
87;0;3.03
88;0;3.03
89;0;3.03
Véhicule;Distance parcouru par les véhicules;Temps de calcul
1;120;2.88
2;104;2.88
3;110;2.88
4;117;2.88
5;114;2.88
6;117;2.88
7;116;2.88
8;118;2.88
9;120;2.88
10;118;2.88
11;120;2.88
12;120;2.88
13;112;2.88
14;112;2.88
15;119;2.88
16;0;2.88
17;112;2.88
18;0;2.88
19;0;2.88
20;0;2.88
21;0;2.88
22;0;2.88
23;0;2.88
24;0;2.88
25;0;2.88
26;0;2.88
27;0;2.88
28;0;2.88
29;0;2.88
30;0;2.88
31;0;2.88
32;0;2.88
33;0;2.88
34;0;2.88
35;0;2.88
36;0;2.88
37;0;2.88
38;0;2.88
39;0;2.88
40;0;2.88
41;0;2.88
42;0;2.88
43;0;2.88
44;0;2.88
45;0;2.88
46;0;2.88
47;0;2.88
48;0;2.88
49;0;2.88
50;0;2.88
51;0;2.88
52;0;2.88
53;0;2.88
54;0;2.88
55;0;2.88
56;0;2.88
57;0;2.88
58;0;2.88
59;0;2.88
60;0;2.88
61;0;2.88
62;0;2.88
63;0;2.88
64;0;2.88
65;0;2.88
66;0;2.88
67;0;2.88
68;0;2.88
69;0;2.88
70;0;2.88
71;0;2.88
72;0;2.88
73;0;2.88
74;0;2.88
75;0;2.88
76;0;2.88
77;0;2.88
78;0;2.88
79;0;2.88
80;0;2.88
81;0;2.88
82;0;2.88
83;0;2.88
84;0;2.88
85;0;2.88
86;0;2.88
87;0;2.88
88;0;2.88
89;0;2.88
90;0;2.88
Véhicule;Distance parcouru par les véhicules;Temps de calcul
1;120;2.95
2;104;2.95
3;110;2.95
4;117;2.95
5;114;2.95
6;117;2.95
7;116;2.95
8;118;2.95
9;120;2.95
10;118;2.95
11;120;2.95
12;120;2.95
13;112;2.95
14;112;2.95
15;119;2.95
16;0;2.95
17;112;2.95
18;0;2.95
19;0;2.95
20;0;2.95
21;0;2.95
22;0;2.95
23;0;2.95
24;0;2.95
25;0;2.95
26;0;2.95
27;0;2.95
28;0;2.95
29;0;2.95
30;0;2.95
31;0;2.95
32;0;2.95
33;0;2.95
34;0;2.95
35;0;2.95
36;0;2.95
37;0;2.95
38;0;2.95
39;0;2.95
40;0;2.95
41;0;2.95
42;0;2.95
43;0;2.95
44;0;2.95
45;0;2.95
46;0;2.95
47;0;2.95
48;0;2.95
49;0;2.95
50;0;2.95
51;0;2.95
52;0;2.95
53;0;2.95
54;0;2.95
55;0;2.95
56;0;2.95
57;0;2.95
58;0;2.95
59;0;2.95
60;0;2.95
61;0;2.95
62;0;2.95
63;0;2.95
64;0;2.95
65;0;2.95
66;0;2.95
67;0;2.95
68;0;2.95
69;0;2.95
70;0;2.95
71;0;2.95
72;0;2.95
73;0;2.95
74;0;2.95
75;0;2.95
76;0;2.95
77;0;2.95
78;0;2.95
79;0;2.95
80;0;2.95
81;0;2.95
82;0;2.95
83;0;2.95
84;0;2.95
85;0;2.95
86;0;2.95
87;0;2.95
88;0;2.95
89;0;2.95
90;0;2.95
91;0;2.95
Véhicule;Distance parcouru par les véhicules;Temps de calcul
1;120;2.87
2;104;2.87
3;110;2.87
4;117;2.87
5;114;2.87
6;117;2.87
7;116;2.87
8;118;2.87
9;120;2.87
10;118;2.87
11;120;2.87
12;120;2.87
13;112;2.87
14;112;2.87
15;119;2.87
16;0;2.87
17;112;2.87
18;0;2.87
19;0;2.87
20;0;2.87
21;0;2.87
22;0;2.87
23;0;2.87
24;0;2.87
25;0;2.87
26;0;2.87
27;0;2.87
28;0;2.87
29;0;2.87
30;0;2.87
31;0;2.87
32;0;2.87
33;0;2.87
34;0;2.87
35;0;2.87
36;0;2.87
37;0;2.87
38;0;2.87
39;0;2.87
40;0;2.87
41;0;2.87
42;0;2.87
43;0;2.87
44;0;2.87
45;0;2.87
46;0;2.87
47;0;2.87
48;0;2.87
49;0;2.87
50;0;2.87
51;0;2.87
52;0;2.87
53;0;2.87
54;0;2.87
55;0;2.87
56;0;2.87
57;0;2.87
58;0;2.87
59;0;2.87
60;0;2.87
61;0;2.87
62;0;2.87
63;0;2.87
64;0;2.87
65;0;2.87
66;0;2.87
67;0;2.87
68;0;2.87
69;0;2.87
70;0;2.87
71;0;2.87
72;0;2.87
73;0;2.87
74;0;2.87
75;0;2.87
76;0;2.87
77;0;2.87
78;0;2.87
79;0;2.87
80;0;2.87
81;0;2.87
82;0;2.87
83;0;2.87
84;0;2.87
85;0;2.87
86;0;2.87
87;0;2.87
88;0;2.87
89;0;2.87
90;0;2.87
91;0;2.87
92;0;2.87
Véhicule;Distance parcouru par les véhicules;Temps de calcul
1;120;2.93
2;104;2.93
3;110;2.93
4;117;2.93
5;114;2.93
6;117;2.93
7;116;2.93
8;118;2.93
9;120;2.93
10;118;2.93
11;120;2.93
12;120;2.93
13;112;2.93
14;112;2.93
15;119;2.93
16;0;2.93
17;112;2.93
18;0;2.93
19;0;2.93
20;0;2.93
21;0;2.93
22;0;2.93
23;0;2.93
24;0;2.93
25;0;2.93
26;0;2.93
27;0;2.93
28;0;2.93
29;0;2.93
30;0;2.93
31;0;2.93
32;0;2.93
33;0;2.93
34;0;2.93
35;0;2.93
36;0;2.93
37;0;2.93
38;0;2.93
39;0;2.93
40;0;2.93
41;0;2.93
42;0;2.93
43;0;2.93
44;0;2.93
45;0;2.93
46;0;2.93
47;0;2.93
48;0;2.93
49;0;2.93
50;0;2.93
51;0;2.93
52;0;2.93
53;0;2.93
54;0;2.93
55;0;2.93
56;0;2.93
57;0;2.93
58;0;2.93
59;0;2.93
60;0;2.93
61;0;2.93
62;0;2.93
63;0;2.93
64;0;2.93
65;0;2.93
66;0;2.93
67;0;2.93
68;0;2.93
69;0;2.93
70;0;2.93
71;0;2.93
72;0;2.93
73;0;2.93
74;0;2.93
75;0;2.93
76;0;2.93
77;0;2.93
78;0;2.93
79;0;2.93
80;0;2.93
81;0;2.93
82;0;2.93
83;0;2.93
84;0;2.93
85;0;2.93
86;0;2.93
87;0;2.93
88;0;2.93
89;0;2.93
90;0;2.93
91;0;2.93
92;0;2.93
93;0;2.93
Véhicule;Distance parcouru par les véhicules;Temps de calcul
1;120;3.06
2;104;3.06
3;110;3.06
4;117;3.06
5;114;3.06
6;117;3.06
7;116;3.06
8;118;3.06
9;120;3.06
10;118;3.06
11;120;3.06
12;120;3.06
13;112;3.06
14;112;3.06
15;119;3.06
16;0;3.06
17;112;3.06
18;0;3.06
19;0;3.06
20;0;3.06
21;0;3.06
22;0;3.06
23;0;3.06
24;0;3.06
25;0;3.06
26;0;3.06
27;0;3.06
28;0;3.06
29;0;3.06
30;0;3.06
31;0;3.06
32;0;3.06
33;0;3.06
34;0;3.06
35;0;3.06
36;0;3.06
37;0;3.06
38;0;3.06
39;0;3.06
40;0;3.06
41;0;3.06
42;0;3.06
43;0;3.06
44;0;3.06
45;0;3.06
46;0;3.06
47;0;3.06
48;0;3.06
49;0;3.06
50;0;3.06
51;0;3.06
52;0;3.06
53;0;3.06
54;0;3.06
55;0;3.06
56;0;3.06
57;0;3.06
58;0;3.06
59;0;3.06
60;0;3.06
61;0;3.06
62;0;3.06
63;0;3.06
64;0;3.06
65;0;3.06
66;0;3.06
67;0;3.06
68;0;3.06
69;0;3.06
70;0;3.06
71;0;3.06
72;0;3.06
73;0;3.06
74;0;3.06
75;0;3.06
76;0;3.06
77;0;3.06
78;0;3.06
79;0;3.06
80;0;3.06
81;0;3.06
82;0;3.06
83;0;3.06
84;0;3.06
85;0;3.06
86;0;3.06
87;0;3.06
88;0;3.06
89;0;3.06
90;0;3.06
91;0;3.06
92;0;3.06
93;0;3.06
94;0;3.06
Véhicule;Distance parcouru par les véhicules;Temps de calcul
1;120;2.85
2;104;2.85
3;110;2.85
4;117;2.85
5;114;2.85
6;117;2.85
7;116;2.85
8;118;2.85
9;120;2.85
10;118;2.85
11;120;2.85
12;120;2.85
13;112;2.85
14;112;2.85
15;119;2.85
16;0;2.85
17;112;2.85
18;0;2.85
19;0;2.85
20;0;2.85
21;0;2.85
22;0;2.85
23;0;2.85
24;0;2.85
25;0;2.85
26;0;2.85
27;0;2.85
28;0;2.85
29;0;2.85
30;0;2.85
31;0;2.85
32;0;2.85
33;0;2.85
34;0;2.85
35;0;2.85
36;0;2.85
37;0;2.85
38;0;2.85
39;0;2.85
40;0;2.85
41;0;2.85
42;0;2.85
43;0;2.85
44;0;2.85
45;0;2.85
46;0;2.85
47;0;2.85
48;0;2.85
49;0;2.85
50;0;2.85
51;0;2.85
52;0;2.85
53;0;2.85
54;0;2.85
55;0;2.85
56;0;2.85
57;0;2.85
58;0;2.85
59;0;2.85
60;0;2.85
61;0;2.85
62;0;2.85
63;0;2.85
64;0;2.85
65;0;2.85
66;0;2.85
67;0;2.85
68;0;2.85
69;0;2.85
70;0;2.85
71;0;2.85
72;0;2.85
73;0;2.85
74;0;2.85
75;0;2.85
76;0;2.85
77;0;2.85
78;0;2.85
79;0;2.85
80;0;2.85
81;0;2.85
82;0;2.85
83;0;2.85
84;0;2.85
85;0;2.85
86;0;2.85
87;0;2.85
88;0;2.85
89;0;2.85
90;0;2.85
91;0;2.85
92;0;2.85
93;0;2.85
94;0;2.85
95;0;2.85
Véhicule;Distance parcouru par les véhicules;Temps de calcul
1;120;2.95
2;104;2.95
3;110;2.95
4;117;2.95
5;114;2.95
6;117;2.95
7;116;2.95
8;118;2.95
9;120;2.95
10;118;2.95
11;120;2.95
12;120;2.95
13;112;2.95
14;112;2.95
15;119;2.95
16;0;2.95
17;112;2.95
18;0;2.95
19;0;2.95
20;0;2.95
21;0;2.95
22;0;2.95
23;0;2.95
24;0;2.95
25;0;2.95
26;0;2.95
27;0;2.95
28;0;2.95
29;0;2.95
30;0;2.95
31;0;2.95
32;0;2.95
33;0;2.95
34;0;2.95
35;0;2.95
36;0;2.95
37;0;2.95
38;0;2.95
39;0;2.95
40;0;2.95
41;0;2.95
42;0;2.95
43;0;2.95
44;0;2.95
45;0;2.95
46;0;2.95
47;0;2.95
48;0;2.95
49;0;2.95
50;0;2.95
51;0;2.95
52;0;2.95
53;0;2.95
54;0;2.95
55;0;2.95
56;0;2.95
57;0;2.95
58;0;2.95
59;0;2.95
60;0;2.95
61;0;2.95
62;0;2.95
63;0;2.95
64;0;2.95
65;0;2.95
66;0;2.95
67;0;2.95
68;0;2.95
69;0;2.95
70;0;2.95
71;0;2.95
72;0;2.95
73;0;2.95
74;0;2.95
75;0;2.95
76;0;2.95
77;0;2.95
78;0;2.95
79;0;2.95
80;0;2.95
81;0;2.95
82;0;2.95
83;0;2.95
84;0;2.95
85;0;2.95
86;0;2.95
87;0;2.95
88;0;2.95
89;0;2.95
90;0;2.95
91;0;2.95
92;0;2.95
93;0;2.95
94;0;2.95
95;0;2.95
96;0;2.95
Véhicule;Distance parcouru par les véhicules;Temps de calcul
1;120;2.91
2;104;2.91
3;110;2.91
4;117;2.91
5;114;2.91
6;117;2.91
7;116;2.91
8;118;2.91
9;120;2.91
10;118;2.91
11;120;2.91
12;120;2.91
13;112;2.91
14;112;2.91
15;119;2.91
16;0;2.91
17;112;2.91
18;0;2.91
19;0;2.91
20;0;2.91
21;0;2.91
22;0;2.91
23;0;2.91
24;0;2.91
25;0;2.91
26;0;2.91
27;0;2.91
28;0;2.91
29;0;2.91
30;0;2.91
31;0;2.91
32;0;2.91
33;0;2.91
34;0;2.91
35;0;2.91
36;0;2.91
37;0;2.91
38;0;2.91
39;0;2.91
40;0;2.91
41;0;2.91
42;0;2.91
43;0;2.91
44;0;2.91
45;0;2.91
46;0;2.91
47;0;2.91
48;0;2.91
49;0;2.91
50;0;2.91
51;0;2.91
52;0;2.91
53;0;2.91
54;0;2.91
55;0;2.91
56;0;2.91
57;0;2.91
58;0;2.91
59;0;2.91
60;0;2.91
61;0;2.91
62;0;2.91
63;0;2.91
64;0;2.91
65;0;2.91
66;0;2.91
67;0;2.91
68;0;2.91
69;0;2.91
70;0;2.91
71;0;2.91
72;0;2.91
73;0;2.91
74;0;2.91
75;0;2.91
76;0;2.91
77;0;2.91
78;0;2.91
79;0;2.91
80;0;2.91
81;0;2.91
82;0;2.91
83;0;2.91
84;0;2.91
85;0;2.91
86;0;2.91
87;0;2.91
88;0;2.91
89;0;2.91
90;0;2.91
91;0;2.91
92;0;2.91
93;0;2.91
94;0;2.91
95;0;2.91
96;0;2.91
97;0;2.91
Véhicule;Distance parcouru par les véhicules;Temps de calcul
1;120;2.9
2;104;2.9
3;110;2.9
4;117;2.9
5;114;2.9
6;117;2.9
7;116;2.9
8;118;2.9
9;120;2.9
10;118;2.9
11;120;2.9
12;120;2.9
13;112;2.9
14;112;2.9
15;119;2.9
16;0;2.9
17;112;2.9
18;0;2.9
19;0;2.9
20;0;2.9
21;0;2.9
22;0;2.9
23;0;2.9
24;0;2.9
25;0;2.9
26;0;2.9
27;0;2.9
28;0;2.9
29;0;2.9
30;0;2.9
31;0;2.9
32;0;2.9
33;0;2.9
34;0;2.9
35;0;2.9
36;0;2.9
37;0;2.9
38;0;2.9
39;0;2.9
40;0;2.9
41;0;2.9
42;0;2.9
43;0;2.9
44;0;2.9
45;0;2.9
46;0;2.9
47;0;2.9
48;0;2.9
49;0;2.9
50;0;2.9
51;0;2.9
52;0;2.9
53;0;2.9
54;0;2.9
55;0;2.9
56;0;2.9
57;0;2.9
58;0;2.9
59;0;2.9
60;0;2.9
61;0;2.9
62;0;2.9
63;0;2.9
64;0;2.9
65;0;2.9
66;0;2.9
67;0;2.9
68;0;2.9
69;0;2.9
70;0;2.9
71;0;2.9
72;0;2.9
73;0;2.9
74;0;2.9
75;0;2.9
76;0;2.9
77;0;2.9
78;0;2.9
79;0;2.9
80;0;2.9
81;0;2.9
82;0;2.9
83;0;2.9
84;0;2.9
85;0;2.9
86;0;2.9
87;0;2.9
88;0;2.9
89;0;2.9
90;0;2.9
91;0;2.9
92;0;2.9
93;0;2.9
94;0;2.9
95;0;2.9
96;0;2.9
97;0;2.9
98;0;2.9
Véhicule;Distance parcouru par les véhicules;Temps de calcul
1;120;2.89
2;104;2.89
3;110;2.89
4;117;2.89
5;114;2.89
6;117;2.89
7;116;2.89
8;118;2.89
9;120;2.89
10;118;2.89
11;120;2.89
12;120;2.89
13;112;2.89
14;112;2.89
15;119;2.89
16;0;2.89
17;112;2.89
18;0;2.89
19;0;2.89
20;0;2.89
21;0;2.89
22;0;2.89
23;0;2.89
24;0;2.89
25;0;2.89
26;0;2.89
27;0;2.89
28;0;2.89
29;0;2.89
30;0;2.89
31;0;2.89
32;0;2.89
33;0;2.89
34;0;2.89
35;0;2.89
36;0;2.89
37;0;2.89
38;0;2.89
39;0;2.89
40;0;2.89
41;0;2.89
42;0;2.89
43;0;2.89
44;0;2.89
45;0;2.89
46;0;2.89
47;0;2.89
48;0;2.89
49;0;2.89
50;0;2.89
51;0;2.89
52;0;2.89
53;0;2.89
54;0;2.89
55;0;2.89
56;0;2.89
57;0;2.89
58;0;2.89
59;0;2.89
60;0;2.89
61;0;2.89
62;0;2.89
63;0;2.89
64;0;2.89
65;0;2.89
66;0;2.89
67;0;2.89
68;0;2.89
69;0;2.89
70;0;2.89
71;0;2.89
72;0;2.89
73;0;2.89
74;0;2.89
75;0;2.89
76;0;2.89
77;0;2.89
78;0;2.89
79;0;2.89
80;0;2.89
81;0;2.89
82;0;2.89
83;0;2.89
84;0;2.89
85;0;2.89
86;0;2.89
87;0;2.89
88;0;2.89
89;0;2.89
90;0;2.89
91;0;2.89
92;0;2.89
93;0;2.89
94;0;2.89
95;0;2.89
96;0;2.89
97;0;2.89
98;0;2.89
99;0;2.89
